-- phpMyAdmin SQL Dump
-- version 5.2.1
-- https://www.phpmyadmin.net/
--
-- Hôte : 127.0.0.1:3306
-- Généré le : jeu. 18 jan. 2024 à 01:11
-- Version du serveur : 5.7.31
-- Version de PHP : 8.2.14

SET SQL_MODE = "NO_AUTO_VALUE_ON_ZERO";
START TRANSACTION;
SET time_zone = "+00:00";


/*!40101 SET @OLD_CHARACTER_SET_CLIENT=@@CHARACTER_SET_CLIENT */;
/*!40101 SET @OLD_CHARACTER_SET_RESULTS=@@CHARACTER_SET_RESULTS */;
/*!40101 SET @OLD_COLLATION_CONNECTION=@@COLLATION_CONNECTION */;
/*!40101 SET NAMES utf8mb4 */;

--
-- Base de données : `restaurants`
--

-- --------------------------------------------------------

--
-- Structure de la table `burgers`
--

DROP TABLE IF EXISTS `burgers`;
CREATE TABLE IF NOT EXISTS `burgers` (
  `id_burger` int(11) NOT NULL AUTO_INCREMENT,
  `nom` varchar(255) NOT NULL,
  `prix` decimal(10,2) NOT NULL,
  `stock` tinyint(5) NOT NULL,
  PRIMARY KEY (`id_burger`)
) ENGINE=InnoDB AUTO_INCREMENT=32 DEFAULT CHARSET=utf8;

--
-- Déchargement des données de la table `burgers`
--

INSERT INTO `burgers` (`id_burger`, `nom`, `prix`, `stock`) VALUES
(1, 'King-Burger', 9.00, 9),
(2, 'Cosmo-Burger', 14.00, 100),
(3, 'Big-Whale-Burger', 10.00, 15),
(4, 'Picalilli-Burger', 10.00, 58),
(5, 'Twin-Soles-Burger', 8.00, 0),
(6, 'Swordfish-Burger', 9.00, 17),
(7, 'Piggy-Burger', 8.00, 89),
(8, 'Nachos-Burger', 7.00, 1),
(9, 'Tower-Burger', 9.00, 50),
(10, 'Fat-Man-Burger', 10.00, 50),
(11, 'X-Wing-Burger', 8.50, 69),
(12, 'What-The-Hell-Burger', 14.00, 68),
(13, 'Turtle-Burger', 9.00, 7),
(14, 'Jurassic-Burger', 11.50, 5),
(15, 'Poseidon', 16.00, 38),
(16, 'Trinity-Burger', 18.00, 49),
(17, 'Vegan-Burger', 6.50, 62),
(18, 'Crazy-Tofu-Burger', 8.00, 55),
(19, 'Fish-Burger', 7.50, 0),
(20, 'Ultimatum-Burger', 16.00, 9),
(21, 'Poney-Burger', 11.00, 0),
(22, 'Tonkawa-Burger', 11.00, 10),
(23, 'Chewbacca-Burger', 13.00, 27),
(24, 'Mawashi-Burger', 12.00, 8),
(25, 'Pullet-Burger', 9.00, 18),
(26, 'Sunny-Burger', 10.00, 1),
(27, 'Easy-Burger', 8.50, 1);

-- --------------------------------------------------------

--
-- Structure de la table `commandes`
--

DROP TABLE IF EXISTS `commandes`;
CREATE TABLE IF NOT EXISTS `commandes` (
  `id_commande` int(11) NOT NULL AUTO_INCREMENT,
  `id_employe` int(11) NOT NULL,
  `date` datetime NOT NULL DEFAULT CURRENT_TIMESTAMP,
  PRIMARY KEY (`id_commande`)
) ENGINE=InnoDB AUTO_INCREMENT=128 DEFAULT CHARSET=utf8;

--
-- Déchargement des données de la table `commandes`
--

INSERT INTO `commandes` (`id_commande`, `id_employe`, `date`) VALUES
(1, 10, '2024-01-17 20:42:11'),
(2, 7, '2024-01-17 20:43:13'),
(3, 12, '2024-01-17 20:43:13'),
(4, 39, '2024-01-17 20:43:13'),
(5, 3, '2024-01-17 20:43:13'),
(6, 54, '2024-01-17 20:43:13'),
(7, 27, '2024-01-17 20:43:13'),
(8, 49, '2024-01-17 20:43:13'),
(9, 8, '2024-01-17 20:43:13'),
(10, 47, '2024-01-17 20:43:13'),
(11, 55, '2024-01-17 20:43:13'),
(12, 58, '2024-01-17 20:43:13'),
(13, 44, '2024-01-17 20:43:13'),
(14, 45, '2024-01-17 20:43:13'),
(15, 16, '2024-01-17 20:43:13'),
(16, 21, '2024-01-17 20:43:13'),
(17, 55, '2024-01-17 20:43:13'),
(18, 59, '2024-01-17 20:43:13'),
(19, 50, '2024-01-17 20:43:13'),
(20, 74, '2024-01-17 20:43:13'),
(21, 64, '2024-01-17 20:43:13'),
(22, 20, '2024-01-17 20:43:13'),
(23, 61, '2024-01-17 20:43:13'),
(24, 9, '2024-01-17 20:43:13'),
(25, 21, '2024-01-17 20:43:13'),
(26, 76, '2024-01-17 20:43:13'),
(27, 6, '2024-01-17 20:43:13'),
(28, 34, '2024-01-17 20:43:13'),
(29, 74, '2024-01-17 20:43:13'),
(30, 35, '2024-01-17 20:43:13'),
(31, 28, '2024-01-17 20:43:13'),
(32, 34, '2024-01-17 20:43:13'),
(33, 11, '2024-01-17 20:43:13'),
(34, 27, '2024-01-17 20:43:13'),
(35, 25, '2024-01-17 20:43:13'),
(36, 42, '2024-01-17 20:43:13'),
(37, 55, '2024-01-17 20:43:13'),
(38, 74, '2024-01-17 20:43:13'),
(39, 48, '2024-01-17 20:43:13'),
(40, 16, '2024-01-17 20:43:13'),
(41, 12, '2024-01-17 20:43:13'),
(42, 15, '2024-01-17 20:43:13'),
(43, 35, '2024-01-17 20:43:13'),
(44, 54, '2024-01-17 20:43:13'),
(45, 7, '2024-01-17 20:43:13'),
(46, 31, '2024-01-17 20:43:13'),
(47, 53, '2024-01-17 20:43:13'),
(48, 18, '2024-01-17 20:43:13'),
(49, 8, '2024-01-17 20:43:13'),
(50, 64, '2024-01-17 20:43:13'),
(51, 60, '2024-01-17 20:43:13'),
(65, 20, '2024-01-17 20:44:18'),
(66, 66, '2024-01-17 20:44:18'),
(67, 37, '2024-01-17 20:44:18'),
(68, 63, '2024-01-17 20:44:18'),
(69, 48, '2024-01-17 20:44:18'),
(70, 51, '2024-01-17 20:44:18'),
(71, 32, '2024-01-17 20:44:18'),
(72, 5, '2024-01-17 20:44:18'),
(73, 7, '2024-01-17 20:44:18'),
(74, 20, '2024-01-17 20:44:18'),
(75, 1, '2024-01-17 20:44:18'),
(76, 24, '2024-01-17 20:44:18'),
(77, 36, '2024-01-17 20:44:18'),
(78, 28, '2024-01-17 20:44:18'),
(79, 35, '2024-01-17 20:44:18'),
(80, 11, '2024-01-17 20:44:18'),
(81, 27, '2024-01-17 20:44:18'),
(82, 24, '2024-01-17 20:44:18'),
(83, 41, '2024-01-17 20:44:18'),
(84, 51, '2024-01-17 20:44:18'),
(85, 54, '2024-01-17 20:44:18'),
(86, 39, '2024-01-17 20:44:18'),
(87, 31, '2024-01-17 20:44:18'),
(88, 38, '2024-01-17 20:44:18'),
(89, 21, '2024-01-17 20:44:18'),
(90, 67, '2024-01-17 20:44:18'),
(91, 37, '2024-01-17 20:44:18'),
(92, 62, '2024-01-17 20:44:18'),
(93, 41, '2024-01-17 20:44:18'),
(94, 20, '2024-01-17 20:44:18'),
(95, 53, '2024-01-17 20:44:18'),
(96, 48, '2024-01-17 20:44:18'),
(97, 3, '2024-01-17 20:44:18'),
(98, 28, '2024-01-17 20:44:18'),
(99, 51, '2024-01-17 20:44:18'),
(100, 16, '2024-01-17 20:44:18'),
(101, 3, '2024-01-17 20:44:18'),
(102, 46, '2024-01-17 20:44:18'),
(103, 63, '2024-01-17 20:44:18'),
(104, 22, '2024-01-17 20:44:18'),
(105, 77, '2024-01-17 20:44:18'),
(106, 7, '2024-01-17 20:44:18'),
(107, 36, '2024-01-17 20:44:18'),
(108, 3, '2024-01-17 20:44:18'),
(109, 64, '2024-01-17 20:44:18'),
(110, 77, '2024-01-17 20:44:18'),
(111, 35, '2024-01-17 20:44:18'),
(112, 23, '2024-01-17 20:44:18'),
(113, 8, '2024-01-17 20:44:18'),
(114, 49, '2024-01-17 20:44:18');

-- --------------------------------------------------------

--
-- Structure de la table `employes`
--

DROP TABLE IF EXISTS `employes`;
CREATE TABLE IF NOT EXISTS `employes` (
  `id_employe` int(11) NOT NULL AUTO_INCREMENT,
  `nom` varchar(255) NOT NULL,
  `prenom` varchar(255) NOT NULL,
  `id_restaurant` int(11) NOT NULL DEFAULT '0',
  `travail_encore` tinyint(1) NOT NULL DEFAULT '1' COMMENT '1 l''employé travail encore 0 non',
  `manager` tinyint(1) NOT NULL DEFAULT '0' COMMENT '1 il est manager du restaurant ou il travaille 0 non',
  PRIMARY KEY (`id_employe`)
) ENGINE=InnoDB AUTO_INCREMENT=80 DEFAULT CHARSET=utf8mb4;

--
-- Déchargement des données de la table `employes`
--

INSERT INTO `employes` (`id_employe`, `nom`, `prenom`, `id_restaurant`, `travail_encore`, `manager`) VALUES
(1, 'Dubois', 'Lucas', 1, 1, 1),
(2, 'Lefevre', 'Emma', 2, 1, 1),
(3, 'Martinez', 'Hugo', 3, 1, 1),
(4, 'Garcia', 'Léa', 4, 1, 1),
(5, 'Leroy', 'Tom', 5, 1, 1),
(6, 'André', 'Chloé', 6, 1, 1),
(7, 'Moreau', 'Enzo', 7, 1, 1),
(8, 'Lambert', 'Maëlys', 8, 1, 1),
(9, 'Girard', 'Mathis', 9, 1, 1),
(10, 'Roux', 'Inès', 10, 1, 1),
(11, 'Fournier', 'Noah', 11, 1, 1),
(12, 'Lopez', 'Manon', 12, 1, 1),
(13, 'Dupont', 'Théo', 13, 1, 1),
(14, 'Meyer', 'Lola', 14, 1, 1),
(15, 'Bonnet', 'Nathan', 15, 1, 1),
(16, 'Fischer', 'Zoé', 16, 1, 1),
(17, 'Robin', 'Louis', 17, 1, 1),
(18, 'Chevalier', 'Camille', 18, 1, 1),
(19, 'Clement', 'Léo', 19, 1, 1),
(20, 'Picard', 'Jade', 20, 1, 1),
(21, 'Lemoine', 'Alexandre', 21, 1, 1),
(22, 'Caron', 'Clara', 22, 1, 1),
(23, 'Boucher', 'Lucie', 23, 1, 1),
(24, 'Schmitt', 'Ethan', 24, 1, 1),
(25, 'Colin', 'Sarah', 25, 1, 1),
(26, 'Rey', 'Antoine', 26, 1, 1),
(27, 'Blanc', 'Mélissa', 27, 1, 1),
(28, 'Renard', 'Axel', 28, 1, 1),
(29, 'Rolland', 'Manon', 29, 1, 1),
(30, 'Leroux', 'Matteo', 30, 1, 1),
(31, 'Guerin', 'Léa', 1, 1, 0),
(32, 'Andre', 'Maxime', 1, 1, 0),
(33, 'Lefort', 'Eva', 2, 1, 0),
(34, 'Fernandez', 'Gabriel', 2, 1, 0),
(35, 'Henry', 'Romane', 2, 1, 0),
(36, 'Marchand', 'Timéo', 3, 1, 0),
(37, 'Louis', 'Louna', 4, 1, 0),
(38, 'Guillot', 'Mathéo', 5, 1, 0),
(39, 'Riviere', 'Anna', 6, 1, 0),
(40, 'Renaud', 'Evan', 6, 1, 0),
(41, 'Gauthier', 'Léna', 6, 1, 0),
(42, 'Morin', 'Hugo', 7, 1, 0),
(43, 'Bertrand', 'Louise', 8, 1, 0),
(44, 'Pelletier', 'Alexis', 8, 1, 0),
(45, 'Royer', 'Clémence', 10, 1, 0),
(46, 'Denis', 'Nolan', 9, 1, 0),
(47, 'Lefebvre', 'Léna', 11, 1, 0),
(48, 'Meunier', 'Mathias', 12, 1, 0),
(49, 'Dufour', 'Salomé', 12, 1, 0),
(50, 'Lemaitre', 'Nolan', 12, 1, 0),
(51, 'Bertin', 'Émilie', 13, 1, 0),
(52, 'Leduc', 'Léon', 14, 1, 0),
(53, 'Duval', 'Capucine', 15, 1, 0),
(54, 'Lemoine', 'Gabriel', 15, 1, 0),
(55, 'Guillou', 'Elsa', 16, 1, 0),
(56, 'Le Gall', 'Alexandre', 17, 1, 0),
(57, 'Millet', 'Léa', 18, 1, 0),
(58, 'Besson', 'Matthéo', 19, 1, 0),
(59, 'Lejeune', 'Juliette', 20, 1, 0),
(60, 'Leflamboyant', 'Isabeau', 21, 1, 0),
(61, 'Étoilebrillante', 'Aurelien', 22, 1, 0),
(62, 'Cascade', 'Seraphine', 23, 1, 0),
(63, 'Tempête', 'Zephyr', 24, 1, 0),
(64, 'Cristalline', 'Amaryllis', 24, 1, 0),
(65, 'Papillon', 'Fiora', 25, 1, 0),
(66, 'Rayon de Lune', 'Théodore', 26, 1, 0),
(67, 'Nebula', 'Cassiopeia', 27, 1, 0),
(68, 'Éclat de Rire', 'Olivier', 28, 1, 0),
(69, 'Sérénité', 'Elara', 29, 1, 0),
(70, 'Rêveur', 'Célestin', 31, 1, 0),
(71, 'Mystique', 'Esmeralda', 32, 1, 0),
(72, 'Avalanche', 'Boreas', 33, 1, 0),
(73, 'Illuminé', 'Aurora', 34, 1, 0),
(74, 'Orchidée', 'Lysandre', 37, 1, 0),
(75, 'Mélodie', 'Aria', 1, 0, 0),
(76, 'Harmonie', 'Melusine', 2, 0, 0),
(77, 'Auréole', 'Seraphiel', 3, 0, 0),
(78, 'Énigme', 'Sylvaine', 1, 0, 0),
(79, 'Quasar', 'Galatea', 25, 0, 0);

-- --------------------------------------------------------

--
-- Structure de la table `ingredients`
--

DROP TABLE IF EXISTS `ingredients`;
CREATE TABLE IF NOT EXISTS `ingredients` (
  `id_ingredient` int(11) NOT NULL AUTO_INCREMENT,
  `nom` varchar(255) NOT NULL,
  PRIMARY KEY (`id_ingredient`)
) ENGINE=InnoDB AUTO_INCREMENT=11 DEFAULT CHARSET=utf8;

--
-- Déchargement des données de la table `ingredients`
--

INSERT INTO `ingredients` (`id_ingredient`, `nom`) VALUES
(1, 'hamburger'),
(2, 'burger'),
(3, 'bacon'),
(4, 'laitue'),
(5, 'cornichon'),
(6, 'fromage'),
(7, 'oignon'),
(8, 'tomate'),
(9, 'poulet'),
(10, 'poisson');

-- --------------------------------------------------------

--
-- Structure de la table `liste_ingredients`
--

DROP TABLE IF EXISTS `liste_ingredients`;
CREATE TABLE IF NOT EXISTS `liste_ingredients` (
  `id_liste_ingredient` int(11) NOT NULL AUTO_INCREMENT,
  `id_burger` int(11) NOT NULL,
  `id_ingredient` int(11) NOT NULL,
  PRIMARY KEY (`id_liste_ingredient`)
) ENGINE=InnoDB AUTO_INCREMENT=79 DEFAULT CHARSET=utf8;

--
-- Déchargement des données de la table `liste_ingredients`
--

INSERT INTO `liste_ingredients` (`id_liste_ingredient`, `id_burger`, `id_ingredient`) VALUES
(1, 1, 1),
(2, 2, 1),
(3, 3, 1),
(4, 4, 1),
(5, 5, 1),
(6, 6, 1),
(7, 7, 1),
(8, 8, 1),
(9, 9, 1),
(10, 10, 1),
(11, 11, 1),
(12, 12, 1),
(13, 13, 1),
(14, 14, 1),
(15, 15, 1),
(16, 16, 1),
(17, 17, 1),
(18, 18, 1),
(19, 19, 1),
(20, 20, 1),
(21, 21, 1),
(22, 22, 1),
(23, 23, 1),
(24, 24, 1),
(25, 25, 1),
(26, 26, 1),
(27, 27, 1),
(28, 1, 4),
(29, 2, 4),
(30, 3, 4),
(31, 4, 4),
(32, 5, 4),
(33, 6, 4),
(34, 7, 4),
(35, 8, 4),
(36, 9, 4),
(37, 10, 4),
(38, 11, 4),
(39, 12, 4),
(40, 13, 4),
(41, 14, 4),
(42, 15, 4),
(43, 16, 4),
(44, 17, 4),
(45, 18, 4),
(46, 19, 4),
(47, 20, 4),
(48, 21, 4),
(49, 22, 4),
(50, 23, 4),
(51, 24, 4),
(52, 25, 4),
(53, 26, 4),
(54, 27, 4),
(55, 1, 2),
(56, 1, 3),
(57, 1, 5),
(58, 2, 10),
(59, 2, 10),
(60, 2, 2),
(61, 3, 10),
(62, 3, 6),
(63, 4, 3),
(64, 4, 2),
(65, 5, 10),
(66, 5, 8),
(67, 6, 10),
(68, 6, 3),
(69, 7, 2),
(70, 7, 3),
(71, 8, 6),
(72, 8, 7),
(73, 9, 2),
(74, 9, 5),
(75, 10, 2),
(76, 10, 3),
(77, 10, 6),
(78, 10, 7);

-- --------------------------------------------------------

--
-- Structure de la table `pays`
--

DROP TABLE IF EXISTS `pays`;
CREATE TABLE IF NOT EXISTS `pays` (
  `code` varchar(3) CHARACTER SET utf8 NOT NULL,
  `pays` varchar(64) CHARACTER SET utf8 NOT NULL,
  PRIMARY KEY (`code`)
) ENGINE=InnoDB DEFAULT CHARSET=latin1;

--
-- Déchargement des données de la table `pays`
--

INSERT INTO `pays` (`code`, `pays`) VALUES
('AFG', 'Afghanistan'),
('AIA', 'Anguilla'),
('ALB', 'Albanie'),
('ALG', 'Algérie'),
('AND', 'Andorre'),
('ANG', 'Angola'),
('ARG', 'Argentine'),
('ARM', 'Arménie'),
('ARU', 'Aruba'),
('ASA', 'Samoa américaines'),
('AUS', 'Australie'),
('AUT', 'Autriche'),
('AZE', 'Azerbaïdjan'),
('BAH', 'Bahamas'),
('BAN', 'Bangladesh'),
('BDI', 'Burundi'),
('BEL', 'Belgique'),
('BEN', 'Bénin'),
('BER', 'Bermudes'),
('BFA', 'Burkina Faso'),
('BHU', 'Bhoutan'),
('BIH', 'Bosnie-Herzégovine'),
('BLR', 'Biélorussie'),
('BLZ', 'Belize'),
('BOL', 'Bolivie'),
('BOT', 'Botswana'),
('BRA', 'Brésil'),
('BRU', 'Brunei'),
('BUL', 'Bulgarie'),
('CAM', 'Cambodge'),
('CAN', 'Canada'),
('CAY', 'Îles Caïmans'),
('CGO', 'Congo'),
('CHA', 'Tchad'),
('CHI', 'Chili'),
('CHN', 'Chine'),
('CIV', 'Côte d\'Ivoire'),
('CMR', 'Cameroun'),
('COD', 'République Démocratique du Congo'),
('COK', 'Îles Cook'),
('COL', 'Colombie'),
('COM', 'Comores'),
('CPV', 'Cap-Vert'),
('CRC', 'Costa Rica'),
('CRO', 'Croatie'),
('CUB', 'Cuba'),
('CUR', 'Curaçao'),
('CYP', 'Chypre'),
('CZE', 'République tchèque'),
('DEN', 'Danemark'),
('DJI', 'Djibouti'),
('DMA', 'Dominique'),
('DOM', 'République dominicaine'),
('ECU', 'Équateur'),
('EGY', 'Égypte'),
('ENG', 'Angleterre'),
('ERI', 'Érythrée'),
('ESP', 'Espagne'),
('EST', 'Estonie'),
('ESW', 'Eswatini'),
('ETH', 'Éthiopie'),
('FIJ', 'Fidji'),
('FIN', 'Finlande'),
('FRA', 'France'),
('FRO', 'Îles Féroé'),
('GAB', 'Gabon'),
('GAM', 'Gambie'),
('GEO', 'Géorgie'),
('GER', 'Allemagne'),
('GHA', 'Ghana'),
('GIB', 'Gibraltar'),
('GRE', 'Grèce'),
('GRN', 'Grenade'),
('GUA', 'Guam'),
('GUI', 'Guinée'),
('GUM', 'Guatemala'),
('GUY', 'Guyana'),
('HAI', 'Haïti'),
('HKG', 'Hong Kong'),
('HON', 'Honduras'),
('HUN', 'Hongrie'),
('IDN', 'Indonésie'),
('IND', 'Inde'),
('IRL', 'Irlande'),
('IRN', 'Iran'),
('IRQ', 'Irak'),
('ISL', 'Islande'),
('ISR', 'Israël'),
('ITA', 'Italie'),
('JAM', 'Jamaïque'),
('JOR', 'Jordanie'),
('JPN', 'Japon'),
('KAZ', 'Kazakhstan'),
('KEN', 'Kenya'),
('KGZ', 'Kirghizistan'),
('KOR', 'Corée du Sud'),
('KSA', 'Arabie saoudite'),
('KUW', 'Koweït'),
('KVX', 'Kosovo'),
('LAO', 'Laos'),
('LBN', 'Liban'),
('LBR', 'Liberia'),
('LBY', 'Libye'),
('LCA', 'Sainte-Lucie'),
('LES', 'Lesotho'),
('LIE', 'Liechtenstein'),
('LTU', 'Lituanie'),
('LUX', 'Luxembourg'),
('LVA', 'Lettonie'),
('MAC', 'Macao'),
('MAD', 'Madagascar'),
('MAR', 'Maroc'),
('MAS', 'Malaisie'),
('MDA', 'Moldavie'),
('MDV', 'Maldives'),
('MEX', 'Mexique'),
('MKD', 'Macédoine'),
('MLI', 'Mali'),
('MLT', 'Malte'),
('MNE', 'Monténégro'),
('MNG', 'Mongolie'),
('MOZ', 'Mozambique'),
('MRI', 'Maurice'),
('MSR', 'Montserrat'),
('MTN', 'Mauritanie'),
('MYA', 'Birmanie'),
('NAM', 'Namibie'),
('NCA', 'Nicaragua'),
('NCL', 'Nouvelle-Calédonie'),
('NED', 'Pays-Bas'),
('NEP', 'Népal'),
('NGA', 'Nigéria'),
('NIG', 'Niger'),
('NIR', 'Irlande du Nord'),
('NOR', 'Norvège'),
('NZL', 'Nouvelle-Zélande'),
('OMA', 'Oman'),
('PAK', 'Pakistan'),
('PAN', 'Panama'),
('PAR', 'Paraguay'),
('PER', 'Pérou'),
('PHI', 'Philippines'),
('PLE', 'Palestine'),
('PNG', 'Papouasie-Nouvelle-Guinée'),
('POL', 'Pologne'),
('POR', 'Portugal'),
('PRK', 'Corée du Nord'),
('PUR', 'Porto Rico'),
('QAT', 'Qatar'),
('ROU', 'Roumanie'),
('RSA', 'Afrique du Sud'),
('RUS', 'Russie'),
('RWA', 'Rwanda'),
('SAM', 'Samoa'),
('SCO', 'Écosse'),
('SEN', 'Sénégal'),
('SEY', 'Seychelles'),
('SIN', 'Singapour'),
('SKN', 'Saint-Christophe-et-Niévès'),
('SLE', 'Sierra Leone'),
('SLV', 'Salvador'),
('SMR', 'Saint-Marin'),
('SOL', 'Îles Salomon'),
('SOM', 'Somalie'),
('SRB', 'Serbie'),
('SRI', 'Sri Lanka'),
('SSD', 'Soudan du Sud'),
('STP', 'Sao Tomé-et-Principe'),
('SUI', 'Suisse'),
('SUR', 'Suriname'),
('SVK', 'Slovaquie'),
('SVN', 'Slovénie'),
('SWE', 'Suède'),
('SYR', 'Syrie'),
('TAH', 'Tahiti'),
('TAN', 'Tanzanie'),
('TCA', 'Îles Turques-et-Caïques'),
('TGA', 'Tonga'),
('THA', 'Thaïlande'),
('TJK', 'Tadjikistan'),
('TKM', 'Turkménistan'),
('TLS', 'Timor oriental'),
('TOG', 'Togo'),
('TPE', 'Taïwan'),
('TUN', 'Tunisie'),
('TUR', 'Turquie'),
('UAE', 'Émirats arabes unis'),
('UGA', 'Ouganda'),
('UKR', 'Ukraine'),
('URU', 'Uruguay'),
('USA', 'États-Unis'),
('UZB', 'Ouzbékistan'),
('VAN', 'Vanuatu'),
('VEN', 'Venezuela'),
('VIE', 'Viêt Nam'),
('VIN', 'Saint-Vincent-et-les-Grenadines'),
('WAL', 'Galles'),
('YEM', 'Yémen'),
('ZAM', 'Zambie'),
('ZIM', 'Zimbabwe');

-- --------------------------------------------------------

--
-- Structure de la table `restaurants`
--

DROP TABLE IF EXISTS `restaurants`;
CREATE TABLE IF NOT EXISTS `restaurants` (
  `id_restaurant` int(11) NOT NULL AUTO_INCREMENT,
  `nom` varchar(255) NOT NULL,
  `description` varchar(500) NOT NULL,
  `ouvert` tinyint(1) NOT NULL DEFAULT '1' COMMENT '1 si le restaurant est toujours ouvert 0 si il est définitivement fermé',
  `id_ville` int(11) NOT NULL,
  PRIMARY KEY (`id_restaurant`)
) ENGINE=InnoDB AUTO_INCREMENT=41 DEFAULT CHARSET=utf8;

--
-- Déchargement des données de la table `restaurants`
--

INSERT INTO `restaurants` (`id_restaurant`, `nom`, `description`, `ouvert`, `id_ville`) VALUES
(1, 'Le Burger Gourmet', 'Un établissement raffiné proposant des burgers gastronomiques aux ingrédients de première qualité, associés à des frites truffées et des sauces artisanales.', 1, 1),
(2, 'Grillé et Empilé', 'Un endroit décontracté spécialisé dans les burgers grillés à la perfection, offrant une variété de choix d\'empilements de garnitures créatives.', 1, 1),
(3, 'La Bouchée Bœuf', 'Un restaurant chaleureux axé sur l\'expérience du bœuf, où chaque bouchée de leurs burgers est une célébration de la qualité de la viande.', 1, 1),
(4, 'Le Palais du Pain', 'Un établissement qui met l\'accent sur la fraîcheur du pain, offrant une sélection de burgers avec des pains faits maison et des combinaisons de saveurs uniques.', 1, 2),
(5, 'Savoureux Buns', 'Un lieu convivial réputé pour ses buns moelleux et délicieux, servant une variété de burgers généreusement garnis.', 1, 2),
(6, 'Le Festin du Steak', 'Un restaurant axé sur les amateurs de steak, offrant des burgers robustes avec des steaks juteux et des accompagnements gourmands.', 1, 3),
(7, 'À la Carte Burger', 'Un endroit où les clients peuvent personnaliser chaque aspect de leur burger, des types de viande aux sauces et aux garnitures, pour une expérience sur mesure.', 1, 4),
(8, 'Le Délice Haché', 'Un établissement dédié à la perfection du hachage de la viande, offrant des burgers préparés avec des techniques artisanales pour une texture unique.', 1, 5),
(9, 'Le Roi du Burger', 'Un restaurant réputé pour ses burgers dignes d\'un roi, mettant en avant des combinaisons audacieuses de saveurs et des portions généreuses.', 1, 6),
(10, 'Croustillant et Juteux', 'Un endroit qui excelle dans l\'équilibre parfait entre la croustillance et le jus, créant des burgers qui satisfont tous les sens.', 1, 7),
(11, 'La Tour du Toppings', 'Un lieu où la créativité culinaire atteint de nouveaux sommets, offrant une tour de toppings pour personnaliser chaque burger selon les goûts de chacun.', 1, 8),
(12, 'Le Festin des Pains', 'Un restaurant mettant en vedette une sélection diversifiée de pains, des brioches aux pains complets, pour accompagner une variété de délicieux burgers.', 1, 9),
(13, 'Bœuf et Pain Céleste', 'Un endroit divin pour les amateurs de burgers, où la qualité divine de la viande et la perfection du pain se rencontrent dans chaque bouchée.', 1, 10),
(14, 'Les Délices Grillés', 'Un restaurant dédié à la grille, offrant des burgers grillés avec une expertise inégalée et des saveurs qui transportent les clients dans une expérience culinaire.', 1, 11),
(15, 'Le Paradis des Burgers', 'Un lieu où chaque burger est une expérience paradisiaque pour les papilles, avec des combinaisons de saveurs qui évoquent le bonheur pur.', 1, 12),
(16, 'Le Bœuf qui Rit', 'Un restaurant familial offrant une atmosphère joyeuse et des burgers succulents qui font rire de bonheur à chaque bouchée.', 1, 13),
(17, 'Au Sommet du Grill', 'Un endroit qui se tient au sommet de l\'art du grill, offrant des burgers préparés avec des techniques de cuisson expertes et des ingrédients de qualité supérieure.', 1, 14),
(18, 'Le Bistro du Burger', 'Un bistro moderne où les burgers sont élevés au rang d\'œuvres d\'art culinaire, avec des présentations élégantes et des saveurs sophistiquées.', 1, 15),
(19, 'Croustillant Urbain', 'Un restaurant urbain branché proposant des burgers croustillants dans une atmosphère moderne et animée.', 1, 1),
(20, 'Le Festin de la Viande', 'Un lieu dédié à la célébration de la viande, offrant des burgers copieusement garnis avec des options de viande variées pour satisfaire tous les amateurs de carnivores.', 1, 2),
(21, 'Succulents Grillades', 'Un restaurant spécialisé dans les grillades, offrant une variété de burgers aux saveurs succulentes et aux viandes parfaitement grillées.', 1, 3),
(22, 'Le Coin du Burger Gourmand', 'Un endroit convivial où les amateurs de burgers peuvent déguster des créations gourmandes, préparées avec des ingrédients de qualité.', 1, 4),
(23, 'Saisons Burger', 'Un restaurant inspiré des saisons, proposant des burgers aux ingrédients frais et de saison, pour une expérience culinaire toujours renouvelée.', 1, 3),
(24, 'Burger Fusion', 'Un lieu innovant qui fusionne des saveurs du monde entier dans des burgers uniques, créant une expérience culinaire internationale.', 1, 1),
(25, 'Le Souffle du Bœuf', 'Un établissement où la passion pour la viande se ressent dans chaque bouchée, offrant des burgers qui font honneur à la qualité du bœuf.', 1, 2),
(26, 'Burger Céleste', 'Un endroit divinement dédié aux burgers, où chaque bouchée offre une expérience céleste de saveurs et de textures.', 1, 4),
(27, 'Gastronomie Grillée', 'Un restaurant gastronomique qui met à l\'honneur les techniques de grillades, proposant des burgers haut de gamme avec des ingrédients raffinés.', 1, 5),
(28, 'Buns Artisanaux', 'Un lieu où les buns sont des œuvres d\'art, préparés de manière artisanale pour accompagner des burgers savoureux et uniques.', 1, 5),
(29, 'Festival de Saveurs Burger', 'Un festival de saveurs dans chaque burger, offrant une variété de combinaisons qui éveilleront les papilles gustatives.', 1, 6),
(30, 'Le Grill du Terroir', 'Un restaurant mettant en avant les ingrédients du terroir, proposant des burgers qui reflètent la richesse des produits locaux.', 1, 6),
(31, 'Burger Épicurien', 'Un endroit pour les épicuriens qui apprécient les plaisirs de la table, avec des burgers préparés avec soin et créativité.', 1, 7),
(32, 'Le Coin du Bacon', 'Un paradis pour les amateurs de bacon, offrant des burgers généreusement garnis de délices de bacon croustillant.', 1, 1),
(33, 'Burger en Folie', 'Un lieu où la folie des saveurs règne, avec des burgers créatifs et excentriques qui repoussent les limites de l\'imagination culinaire.', 1, 2),
(34, 'Cuisine du Grill Maîtrisée', 'Un restaurant où la maîtrise de la cuisine du grill est mise en avant, offrant des burgers préparés avec une expertise exceptionnelle.', 1, 2),
(35, 'Le Jardin des Burgers', 'Un endroit où les burgers sont créés comme des joyaux du jardin, avec des ingrédients frais et colorés pour une expérience gustative florissante.', 0, 18),
(36, 'Burger à la Carte Créatif', 'Un restaurant où la créativité culinaire est à l\'honneur, permettant aux clients de composer leur burger de manière créative et personnalisée.', 0, 2),
(37, 'Le Festin des Saveurs Grillées', 'Un festin pour les amateurs de saveurs grillées, avec des burgers qui captivent les sens par leurs arômes et leurs textures exquises.', 1, 19),
(38, 'Le Bœuf Gourmand', 'Un lieu dédié à la gourmandise du bœuf, proposant des burgers qui satisfont les appétits les plus exigeants.', 0, 5),
(39, 'Burger Artisanal Urbain', 'Un restaurant urbain qui célèbre l\'artisanat culinaire, offrant des burgers préparés avec des ingrédients locaux et une touche artisanale.', 0, 1),
(40, 'Burger en Fête', 'Un endroit festif où chaque jour est une fête du burger, avec des options créatives et délicieuses pour tous les goûts.', 0, 4);

-- --------------------------------------------------------

--
-- Structure de la table `ventes`
--

DROP TABLE IF EXISTS `ventes`;
CREATE TABLE IF NOT EXISTS `ventes` (
  `id_vente` int(11) NOT NULL AUTO_INCREMENT,
  `id_burger` int(11) NOT NULL,
  `nombre` int(5) NOT NULL,
  `id_commande` int(11) NOT NULL,
  PRIMARY KEY (`id_vente`)
) ENGINE=MyISAM AUTO_INCREMENT=301 DEFAULT CHARSET=utf8;

--
-- Déchargement des données de la table `ventes`
--

INSERT INTO `ventes` (`id_vente`, `id_burger`, `nombre`, `id_commande`) VALUES
(1, 18, 7, 45),
(2, 16, 4, 112),
(3, 3, 6, 43),
(4, 7, 14, 53),
(5, 22, 6, 82),
(6, 22, 12, 24),
(7, 23, 15, 30),
(8, 11, 15, 10),
(9, 9, 6, 50),
(10, 21, 14, 89),
(11, 3, 9, 109),
(12, 1, 8, 62),
(13, 15, 12, 48),
(14, 17, 7, 113),
(15, 19, 13, 113),
(16, 9, 14, 112),
(17, 4, 10, 42),
(18, 5, 3, 69),
(19, 18, 14, 28),
(20, 15, 5, 29),
(21, 7, 7, 72),
(22, 23, 5, 52),
(23, 20, 13, 85),
(24, 12, 10, 65),
(25, 8, 12, 71),
(26, 9, 11, 81),
(27, 15, 2, 39),
(28, 15, 5, 65),
(29, 21, 1, 87),
(30, 4, 11, 75),
(31, 20, 7, 23),
(32, 19, 8, 94),
(33, 13, 10, 112),
(34, 18, 2, 58),
(35, 19, 8, 49),
(36, 4, 11, 39),
(37, 15, 4, 104),
(38, 1, 2, 39),
(39, 14, 11, 41),
(40, 1, 9, 93),
(41, 19, 3, 103),
(42, 19, 7, 51),
(43, 19, 13, 4),
(44, 13, 4, 92),
(45, 11, 4, 72),
(46, 18, 1, 101),
(47, 10, 5, 101),
(48, 15, 2, 34),
(49, 14, 8, 89),
(50, 8, 4, 86),
(51, 8, 6, 81),
(52, 15, 6, 20),
(53, 11, 2, 38),
(54, 17, 14, 23),
(55, 5, 3, 69),
(56, 8, 7, 44),
(57, 20, 6, 26),
(58, 2, 14, 49),
(59, 6, 5, 71),
(60, 5, 11, 6),
(61, 21, 8, 25),
(62, 7, 12, 21),
(63, 1, 4, 34),
(64, 1, 9, 18),
(65, 9, 10, 5),
(66, 12, 8, 35),
(67, 19, 11, 7),
(68, 20, 13, 48),
(69, 20, 7, 101),
(70, 18, 3, 93),
(71, 23, 8, 78),
(72, 11, 1, 3),
(73, 20, 2, 113),
(74, 5, 9, 12),
(75, 20, 7, 61),
(76, 17, 14, 91),
(77, 17, 9, 106),
(78, 22, 10, 106),
(79, 5, 1, 72),
(80, 20, 4, 66),
(81, 5, 14, 2),
(82, 13, 12, 34),
(83, 19, 7, 50),
(84, 10, 8, 21),
(85, 15, 10, 51),
(86, 1, 5, 70),
(87, 11, 12, 55),
(88, 5, 10, 82),
(89, 7, 12, 98),
(90, 7, 3, 41),
(91, 14, 2, 27),
(92, 20, 8, 93),
(93, 1, 1, 38),
(94, 21, 10, 23),
(95, 19, 10, 85),
(96, 13, 13, 101),
(97, 5, 1, 111),
(98, 5, 8, 50),
(99, 13, 12, 27),
(100, 24, 12, 80),
(101, 6, 11, 16),
(102, 5, 9, 11),
(103, 7, 1, 46),
(104, 13, 1, 62),
(105, 21, 6, 67),
(106, 11, 8, 60),
(107, 18, 4, 54),
(108, 22, 12, 104),
(109, 4, 11, 36),
(110, 3, 10, 30),
(111, 2, 9, 27),
(112, 2, 1, 87),
(113, 23, 9, 2),
(114, 24, 12, 44),
(115, 4, 6, 14),
(116, 11, 10, 60),
(117, 21, 7, 110),
(118, 16, 8, 68),
(119, 16, 4, 73),
(120, 18, 11, 33),
(121, 3, 4, 52),
(122, 15, 7, 99),
(123, 22, 2, 52),
(124, 13, 5, 86),
(125, 13, 6, 13),
(126, 2, 10, 28),
(127, 24, 5, 25),
(128, 6, 4, 73),
(129, 8, 10, 71),
(130, 19, 13, 40),
(131, 15, 14, 6),
(132, 9, 5, 95),
(133, 12, 1, 56),
(134, 23, 12, 68),
(135, 7, 6, 40),
(136, 10, 9, 14),
(137, 6, 11, 91),
(138, 23, 9, 4),
(139, 14, 9, 7),
(140, 15, 6, 57),
(141, 14, 10, 42),
(142, 1, 10, 94),
(143, 21, 3, 45),
(144, 16, 7, 26),
(145, 16, 1, 46),
(146, 12, 2, 12),
(147, 17, 10, 25),
(148, 6, 11, 52),
(149, 15, 2, 108),
(150, 2, 8, 101),
(151, 5, 4, 64),
(152, 24, 9, 86),
(153, 10, 3, 30),
(154, 23, 9, 78),
(155, 18, 5, 10),
(156, 3, 4, 46),
(157, 17, 2, 12),
(158, 18, 7, 46),
(159, 9, 6, 18),
(160, 3, 14, 97),
(161, 2, 4, 43),
(162, 19, 7, 14),
(163, 3, 4, 13),
(164, 6, 13, 89),
(165, 20, 13, 79),
(166, 5, 6, 22),
(167, 4, 14, 28),
(168, 19, 13, 37),
(169, 12, 9, 28),
(170, 20, 12, 84),
(171, 19, 14, 73),
(172, 10, 9, 52),
(173, 20, 3, 106),
(174, 16, 14, 49),
(175, 3, 4, 90),
(176, 9, 6, 93),
(177, 19, 9, 89),
(178, 5, 3, 67),
(179, 18, 14, 28),
(180, 8, 10, 74),
(181, 22, 5, 44),
(182, 18, 12, 107),
(183, 6, 5, 107),
(184, 17, 9, 106),
(185, 20, 5, 104),
(186, 6, 5, 28),
(187, 16, 6, 103),
(188, 14, 4, 18),
(189, 16, 3, 79),
(190, 20, 12, 11),
(191, 9, 7, 89),
(192, 10, 12, 43),
(193, 16, 13, 92),
(194, 17, 1, 54),
(195, 24, 12, 113),
(196, 16, 7, 25),
(197, 10, 5, 66),
(198, 23, 9, 44),
(199, 20, 12, 14),
(200, 24, 7, 54),
(201, 3, 9, 32),
(202, 15, 14, 76),
(203, 21, 12, 20),
(204, 19, 9, 50),
(205, 10, 1, 72),
(206, 17, 9, 108),
(207, 6, 2, 3),
(208, 8, 7, 81),
(209, 1, 4, 31),
(210, 20, 10, 11),
(211, 13, 4, 15),
(212, 10, 2, 71),
(213, 20, 7, 24),
(214, 12, 5, 112),
(215, 19, 10, 41),
(216, 19, 6, 20),
(217, 13, 5, 86),
(218, 17, 1, 17),
(219, 19, 5, 22),
(220, 12, 9, 34),
(221, 17, 13, 56),
(222, 2, 10, 65),
(223, 8, 6, 6),
(224, 13, 12, 105),
(225, 3, 1, 58),
(226, 18, 9, 112),
(227, 17, 11, 103),
(228, 14, 7, 88),
(229, 1, 14, 78),
(230, 6, 9, 94),
(231, 15, 7, 57),
(232, 8, 13, 61),
(233, 11, 5, 72),
(234, 8, 11, 29),
(235, 14, 12, 111),
(236, 8, 12, 65),
(237, 5, 9, 14),
(238, 5, 11, 45),
(239, 23, 14, 28),
(240, 8, 5, 5),
(241, 5, 5, 96),
(242, 18, 5, 17),
(243, 5, 5, 25),
(244, 18, 2, 18),
(245, 24, 8, 54),
(246, 16, 4, 73),
(247, 14, 5, 55),
(248, 20, 4, 109),
(249, 8, 2, 93),
(250, 1, 12, 51),
(251, 22, 13, 97),
(252, 24, 14, 108),
(253, 7, 5, 6),
(254, 2, 8, 67),
(255, 13, 10, 74),
(256, 13, 11, 105),
(257, 8, 8, 37),
(258, 20, 1, 76),
(259, 16, 14, 85),
(260, 10, 6, 97),
(261, 3, 14, 99),
(262, 3, 11, 71),
(263, 1, 6, 27),
(264, 24, 6, 93),
(265, 13, 13, 105),
(266, 24, 1, 107),
(267, 5, 3, 30),
(268, 6, 1, 41),
(269, 22, 9, 70),
(270, 2, 4, 43),
(271, 19, 3, 100),
(272, 24, 7, 56),
(273, 19, 3, 24),
(274, 6, 9, 62),
(275, 6, 7, 23),
(276, 13, 4, 91),
(277, 14, 13, 76),
(278, 16, 3, 74),
(279, 16, 1, 5),
(280, 13, 9, 38),
(281, 2, 8, 67),
(282, 10, 12, 44),
(283, 15, 8, 90),
(284, 9, 11, 1),
(285, 20, 8, 94),
(286, 8, 1, 20),
(287, 17, 5, 43),
(288, 24, 1, 67),
(289, 2, 10, 26),
(290, 6, 5, 30),
(291, 6, 1, 7),
(292, 4, 5, 51),
(293, 19, 6, 16),
(294, 22, 11, 69),
(295, 20, 1, 2),
(296, 16, 14, 85),
(297, 23, 8, 85),
(298, 22, 7, 78),
(299, 4, 7, 82),
(300, 18, 7, 4);

-- --------------------------------------------------------

--
-- Structure de la table `villes`
--

DROP TABLE IF EXISTS `villes`;
CREATE TABLE IF NOT EXISTS `villes` (
  `id_ville` int(11) NOT NULL AUTO_INCREMENT,
  `ville` varchar(255) NOT NULL,
  `code_pays` varchar(3) NOT NULL,
  PRIMARY KEY (`id_ville`)
) ENGINE=InnoDB AUTO_INCREMENT=21 DEFAULT CHARSET=utf8;

--
-- Déchargement des données de la table `villes`
--

INSERT INTO `villes` (`id_ville`, `ville`, `code_pays`) VALUES
(1, 'Amsterdam', 'NED'),
(2, 'Bruxelles', 'BEL'),
(3, 'Paris', 'FRA'),
(4, 'Lyon', 'FRA'),
(5, 'Lille', 'FRA'),
(6, 'Brest', 'FRA'),
(7, 'Mons', 'BEL'),
(8, 'Namur', 'BEL'),
(9, 'Liège', 'BEL'),
(10, 'Anvers', 'BEL'),
(11, 'Berlin', 'GER'),
(12, 'Munich', 'GER'),
(13, 'Cologne', 'GER'),
(14, 'Hambourg', 'GER'),
(15, 'La Haye', 'NED'),
(16, 'Rotterdam', 'NED'),
(17, 'Bruges', 'BEL'),
(18, 'Bordeaux', 'FRA'),
(19, 'Rome', 'ITA'),
(20, 'Milan', 'ITA');
COMMIT;

/*!40101 SET CHARACTER_SET_CLIENT=@OLD_CHARACTER_SET_CLIENT */;
/*!40101 SET CHARACTER_SET_RESULTS=@OLD_CHARACTER_SET_RESULTS */;
/*!40101 SET COLLATION_CONNECTION=@OLD_COLLATION_CONNECTION */;
